Nombre,Tipo,URL,Sección,Frecuencia,Confiabilidad,Derechos,Estado,Notas
TVN Noticias,Portal,https://www.tvn-2.com/,Nacional,Hora,5,Uso informativo / citar fuente,Activa,Medio objetivo del reto (si aplica)
La Prensa Panamá,Portal,https://www.prensa.com/,Nacional,Hora,5,Uso informativo / citar fuente,Activa,
Telemetro,Portal,https://www.telemetro.com/,Nacional,Hora,4,Uso informativo / citar fuente,Activa,
Panamá América,Portal,https://www.panamaamerica.com.pa/,Nacional,Hora,4,Uso informativo / citar fuente,Activa,
La Estrella de Panamá,Portal,https://www.laestrella.com.pa/,Nacional,Hora,4,Uso informativo / citar fuente,Activa,
INEC — Instituto Nacional de Estadística y Censo,Oficial,https://www.inec.gob.pa/,Economía,Día,5,Datos abiertos (verificar términos),Activa,
Contraloría General de la República,Oficial,https://www.contraloria.gob.pa/,Economía,Día,5,Datos abiertos (verificar términos),Activa,
ANTAI,Oficial,https://www.antai.gob.pa/,Gobierno,Semana,5,Datos abiertos (verificar términos),Activa,Transparencia y acceso a la información
Superintendencia de Bancos de Panamá,Oficial,https://www.superbancos.gob.pa/,Economía,Semana,5,Datos abiertos (verificar términos),Activa,Relevante para banca
Banco Nacional de Panamá,Oficial,https://www.banconal.com.pa/,Economía,Semana,4,Uso informativo / citar fuente,Activa,Relevante para banca
