id_noticia,titulo,url,medio,idioma,fecha_publicacion,fecha_deteccion,fecha_extraccion,tema,origen,alcance_texto
a2b38044e854,Contenido Exclusivo: Turismo en transporte público,https://www.tvn-2.com/contenido-exclusivo/contenido-exclusivo-turismo-transporte-publico_1_2263290.html,TVN Noticias,es,2026-09-29T01:23:06Z,2026-09-29T01:23:06Z,2026-10-07T21:20:04Z,turismo,RSS,titular+metadatos
1c82fc5a1a2e,Líderes 360 | Mario Castrellón: la visión de un chef que convirtió la gastronomía panameña en una marca país,https://www.tvn-2.com/lideres-360/lideres-360-mario-castrellon-chef-gastronomia-panama-maito_1_2254177.html,TVN Noticias,es,2026-08-07T12:15:31Z,2026-08-07T12:15:31Z,2026-10-07T21:20:04Z,general,RSS,titular+metadatos
7f268fa2f97b,Mario Castrellón protagoniza Líderes 360 este viernes en Noticias AM,https://www.tvn-2.com/lideres-360/mario-castrellon-protagoniza-lideres-360-noticias-am_1_2254164.html,TVN Noticias,es,2026-08-05T11:00:19Z,2026-08-05T11:00:19Z,2026-10-07T21:20:04Z,general,RSS,titular+metadatos
fe5ca57b21e3,"Líderes 360: Pedro Heilbron, el hombre que vio despegar a Copa y convertirse en el Hub de las Américas",https://www.tvn-2.com/lideres-360/lideres-360-pedro-heilbron-despegar-copa-airlines-hub-de-las-americas_1_2249044.html,TVN Noticias,es,2026-07-03T12:00:47Z,2026-07-03T12:00:47Z,2026-10-07T21:20:04Z,general,RSS,titular+metadatos
a711c284e458,"Líderes 360: Pedro Heilbron plantea una hoja de ruta para Panamá; turismo sostenible, eficiencia y un país transparente",https://www.tvn-2.com/lideres-360/lideres-360-pedro-heilbron-panama-turismo-eficiencia-transparencia_1_2249216.html,TVN Noticias,es,2026-07-05T13:00:06Z,2026-07-05T13:00:06Z,2026-10-07T21:20:04Z,turismo,RSS,titular+metadatos
326b5d9ab00e,Líderes 360 estrena el 3 de julio en Noticias AM con historias de impacto empresarial,https://www.tvn-2.com/lideres-360/lideres-360-estrena-noticias-am-impacto-empresarial-pedro-heilbron_1_2247767.html,TVN Noticias,es,2026-07-01T20:03:18Z,2026-07-01T20:03:18Z,2026-10-07T21:20:04Z,general,RSS,titular+metadatos
ec1242c41667,Relevo por la Vida de Fanlyc: 24 horas de esfuerzo y esperanza en la Cinta Costera 3,https://www.tvn-2.com/nacionales/relevo-vida-fanlyc-24-horas-esfuerzo-esperanza-cinta-costera-tres-cancer_1_2259489.html,TVN Noticias,es,2026-09-06T00:09:00Z,2026-09-06T00:09:00Z,2026-10-07T21:20:04Z,general,RSS,titular+metadatos
c6c172b21834,TVN Media comparte su experiencia de transformación digital en cumbre WISS LATAM,https://www.tvn-2.com/nacionales/tvn-media-comparte-experiencia-transformacion-cumbre-wiss-latam_1_2257996.html,TVN Noticias,es,2026-08-27T21:49:51Z,2026-08-27T21:49:51Z,2026-10-07T21:20:04Z,general,RSS,titular+metadatos
6b265d83ab37,WISS LATAM reúne a mujeres líderes y empresarias para impulsar la innovación y el liderazgo femenino,https://www.tvn-2.com/nacionales/wiss-latam-reune-mujeres-lideres_1_2257812.html,TVN Noticias,es,2026-08-27T01:21:28Z,2026-08-27T01:21:28Z,2026-10-07T21:20:04Z,general,RSS,titular+metadatos
5d46ef257889,TVN Media y ADEN Business School firman acuerdo para acceder a programas de estudio superior,https://www.tvn-2.com/nacionales/tvn-media-aden-business-school_1_2255801.html,TVN Noticias,es,2026-08-14T00:59:23Z,2026-08-14T00:59:23Z,2026-10-07T21:20:04Z,general,RSS,titular+metadatos
5a318343deb0,TVN Media moviliza a sus colaboradores para convertir la solidaridad en vidas,https://www.tvn-2.com/gente-tvn/tvn-media-moviliza-colaboradores-convertir_1_2255762.html,TVN Noticias,es,2026-08-13T22:07:30Z,2026-08-13T22:07:30Z,2026-10-07T21:20:04Z,general,RSS,titular+metadatos
13fc389505f8,TVN Media y la Asociación de Directoras de Panamá firman alianza para impulsar el liderazgo femenino,https://www.tvn-2.com/nacionales/tvn-media-asociacion-directoras-panama_1_2254586.html,TVN Noticias,es,2026-08-06T01:08:53Z,2026-08-06T01:08:53Z,2026-10-07T21:20:04Z,general,RSS,titular+metadatos
687e5a41cdfb,TVN Media recibe reconocimiento del programa Reduce Tu Huella por su compromiso con la gestión ambiental,https://www.tvn-2.com/nacionales/tvn-media-recibe-reconocimiento-programa-reduce-tu-huella-gestion-ambiental_1_2254331.html,TVN Noticias,es,2026-08-05T00:38:03Z,2026-08-05T00:38:03Z,2026-10-07T21:20:04Z,general,RSS,titular+metadatos
2ffeea1ffd0f,"TVN Media y UDELAS firman alianza para impulsar la educación, el bienestar y el desarrollo social",https://www.tvn-2.com/gente-tvn/tvn-media-udelas-firman-alianza_1_2253105.html,TVN Noticias,es,2026-07-28T17:00:00Z,2026-07-28T17:00:00Z,2026-10-07T21:20:04Z,servicios,RSS,titular+metadatos
32ec4d0ac742,TVN Media oficializa patrocinio para el World of Coffee Panamá 2026,https://www.tvn-2.com/nacionales/tvn-media-oficializa-patrocinio-world_1_2251452.html,TVN Noticias,es,2026-07-17T01:20:25Z,2026-07-17T01:20:25Z,2026-10-07T21:20:04Z,general,RSS,titular+metadatos
bd08bf079f36,TVN Media oficializa su patrocinio de la Feria Internacional del Libro de Panamá,https://www.tvn-2.com/gente-tvn/tvn-media-oficializa-patrocinio-feria_1_2250436.html,TVN Noticias,es,2026-07-10T20:03:53Z,2026-07-10T20:03:53Z,2026-10-07T21:20:04Z,general,RSS,titular+metadatos
b18f023342f1,TVN Media avanza en Merco Talento Panamá 2026 y reafirma su liderazgo como número uno en el sector de medios de comunicación,https://www.tvn-2.com/nacionales/tvn-media-avanza-merco-talento_1_2250207.html,TVN Noticias,es,2026-07-09T17:36:21Z,2026-07-09T17:36:21Z,2026-10-07T21:20:04Z,general,RSS,titular+metadatos
c589902b41d5,CEO Women Summit 2026: TVN Media destaca la importancia de abrir espacios para el liderazgo femenino,https://www.tvn-2.com/nacionales/tvn-media-ceo-women-summit-potenciar-crecimiento-profesional-mujeres_1_2250211.html,TVN Noticias,es,2026-07-09T18:24:38Z,2026-07-09T18:24:38Z,2026-10-07T21:20:04Z,general,RSS,titular+metadatos
5f9947f31985,TVN estrena Líderes 360 y consolida su cobertura del Mundial 2026,https://www.tvn-2.com/nacionales/tvn-media-estrena-lideres-360-mundial-2026_1_2249178.html,TVN Noticias,es,2026-07-03T14:17:00Z,2026-07-03T14:17:00Z,2026-10-07T21:20:04Z,general,RSS,titular+metadatos
c43ac23160ea,TVN Media y el Teatro Nacional sellan alianza para promover la cultura panameña,https://www.tvn-2.com/nacionales/tvn-media-teatro-nacional-sellan-alianza-firma-convenio-cultura_1_2247507.html,TVN Noticias,es,2026-06-23T15:06:20Z,2026-06-23T15:06:20Z,2026-10-07T21:20:04Z,general,RSS,titular+metadatos
a4f58213429a,TVN Media y Fundación Relaciones Sanas firman convenio para impulsar la educación y sensibilización sobre salud mental,https://www.tvn-2.com/gente-tvn/tvn-media-fundacion-relaciones-sanas_1_2246715.html,TVN Noticias,es,2026-06-18T17:10:05Z,2026-06-18T17:10:05Z,2026-10-07T21:20:04Z,servicios,RSS,titular+metadatos
88d570d700c2,Gente TVN fortalece su compromiso social con jornada deportiva inclusiva,https://www.tvn-2.com/nacionales/gente-tvn-fortalece-compromiso-social-jornada-deportiva-inclusiva_1_2245912.html,TVN Noticias,es,2026-06-14T02:02:12Z,2026-06-14T02:02:12Z,2026-10-07T21:20:04Z,general,RSS,titular+metadatos
5f20fa1e2c66,TVN Media y XCOM se unen para impulsar la innovación y el futuro de la comunicación en Panamá,https://www.tvn-2.com/nacionales/tvn-media-excom-unen-impulsar_1_2242806.html,TVN Noticias,es,2026-05-26T20:20:00Z,2026-05-26T20:20:00Z,2026-10-07T21:20:04Z,general,RSS,titular+metadatos
f2add6a174cc,TVN Media y Universidad Latina firman convenio para fortalecer formación de estudiantes,https://www.tvn-2.com/nacionales/tvn-media-firma-convenio-universidad-latina-fortalecer-formacion-estudiantes_1_2242290.html,TVN Noticias,es,2026-05-23T02:30:00Z,2026-05-23T02:30:00Z,2026-10-07T21:20:04Z,general,RSS,titular+metadatos
213a3545c0ff,TVN Media firma alianza para promover 'Mosaico Panamá',https://www.tvn-2.com/nacionales/tvn-media-firma-alianza-promover-mosaico-panama_1_2240535.html,TVN Noticias,es,2026-05-12T00:59:45Z,2026-05-12T00:59:45Z,2026-10-07T21:20:04Z,general,RSS,titular+metadatos
c9c0832cfa23,TVN Media y Fundamorgan firman alianza para sensibilizar sobre la problemáticas sociales como la violencia,https://www.tvn-2.com/nacionales/tvn-media-fundamorgan-firman-alianza_1_2238967.html,TVN Noticias,es,2026-05-01T01:19:41Z,2026-05-01T01:19:41Z,2026-10-07T21:20:04Z,general,RSS,titular+metadatos
729987434438,TVN Media y Capadeso sellan alianza para visibilizar labor social,https://www.tvn-2.com/nacionales/tvn-media-camara-panamena-desarrollo-social_1_2238469.html,TVN Noticias,es,2026-04-28T18:53:57Z,2026-04-28T18:53:57Z,2026-10-07T21:20:04Z,general,RSS,titular+metadatos
23280e05ba46,TVN Media y Jump renuevan alianza para impulsar el emprendimiento en Panamá,https://www.tvn-2.com/nacionales/tvn-media-jump-renuevan-alianza-emprendimiento-panama_1_2237758.html,TVN Noticias,es,2026-04-23T18:22:28Z,2026-04-23T18:22:28Z,2026-10-07T21:20:04Z,general,RSS,titular+metadatos
56d8b2f2261e,"TVN Media conmemora el Día de las Buenas Acciones con jornada solidaria junto a ADAVION, Héroes por Panamá 2019",https://www.tvn-2.com/nacionales/tvn-media-conmemora-dia-buenas-acciones-adavion-heroes-por-panama_1_2236132.html,TVN Noticias,es,2026-04-13T23:02:47Z,2026-04-13T23:02:47Z,2026-10-07T21:20:04Z,general,RSS,titular+metadatos
543d10d0dd55,Voces femeninas comparten liderazgo y experiencias en encuentro de Speed Mentoring de TVN,https://www.tvn-2.com/nacionales/voces-femeninas-comparten-liderazgo-experiencias-encuentro-de-speed-mentoring-de-tvn_1_2230766.html,TVN Noticias,es,2026-03-07T23:01:00Z,2026-03-07T23:01:00Z,2026-10-07T21:20:04Z,general,RSS,titular+metadatos
0d4f265e7aef,Colaboradores de TVN Media participan en voluntariado en beneficio de la Fundación Latidos,https://www.tvn-2.com/nacionales/colaboradores-tvn-media-participan-voluntariado_1_2230514.html,TVN Noticias,es,2026-03-06T00:00:00Z,2026-03-06T00:00:00Z,2026-10-07T21:20:04Z,general,RSS,titular+metadatos
385abe80a802,TVN encendió la fiesta y animó al público en 'Sabores de Colón',https://www.tvn-2.com/nacionales/tvn-media-encendio-fiesta-publico-sabores-de-colon_1_2229801.html,TVN Noticias,es,2026-03-02T00:29:43Z,2026-03-02T00:29:43Z,2026-10-07T21:20:04Z,general,RSS,titular+metadatos
943fc20171bf,TVN Radio y TVMAX dan el 'Kick-Off' al Carnaval con una lluvia de regalos en vía Centenario,https://www.tvn-2.com/nacionales/tvn-radio-tvmax-dan-kick-carnaval_1_2227551.html,TVN Noticias,es,2026-02-13T23:13:59Z,2026-02-13T23:13:59Z,2026-10-07T21:20:04Z,eventos_naturales,RSS,titular+metadatos
1759deb0aa25,TVN Media y el Carnaval de La Villa de Los Santos renuevan su alianza estratégica,https://www.tvn-2.com/nacionales/tvn-media-carnaval-la-villa-de-los-santos-alianza_1_2225701.html,TVN Noticias,es,2026-02-02T18:40:15Z,2026-02-02T18:40:15Z,2026-10-07T21:20:04Z,general,RSS,titular+metadatos
0793a7f03b1e,TVN Media y la Feria de La Chorrera firman alianza estratégica,https://www.tvn-2.com/videos/noticias/video-tvn-media-feria-chorrera-firman_8_2225013.html,TVN Noticias,es,2026-01-29T01:16:20Z,2026-01-29T01:16:20Z,2026-10-07T21:20:04Z,general,RSS,titular+metadatos
b8c36c576356,"TVN Media dice presente en la Teletón 20-30 con una donación de 100,000 dólares",https://www.tvn-2.com/nacionales/tvn-media-dice-presente-teleton-100-mil-dolares_1_2218658.html,TVN Noticias,es,2025-12-14T00:09:23Z,2025-12-14T00:09:23Z,2026-10-07T21:20:04Z,economia,RSS,titular+metadatos
9a34c2503311,TVN Noticias gana dos categorías del premio de Periodismo sobre Niñez y Adolescencia 2025,https://www.tvn-2.com/nacionales/periodista-claudya-carolina-morales-yenny-caballero-periodismo-sobre-ninez-y-adolescencia-ganador_1_2218367.html,TVN Noticias,es,2025-12-11T19:12:00Z,2025-12-11T19:12:00Z,2026-10-07T21:20:04Z,general,RSS,titular+metadatos
a1f19e911ec8,TVN Media refuerza su compromiso social con jornada de voluntariado en el Banco de Alimentos,https://www.tvn-2.com/nacionales/tvn-media-refuerza-compromiso-social_1_2217708.html,TVN Noticias,es,2025-12-06T01:42:12Z,2025-12-06T01:42:12Z,2026-10-07T21:20:04Z,economia,RSS,titular+metadatos
3db8c2d3563c,TVN Media arrasa en los Premios Excelencia en la gala 'Los Faroles',https://www.tvn-2.com/nacionales/tvn-media-arrasa-premios-victoria-universidad-de-panama_1_2217570.html,TVN Noticias,es,2025-12-05T12:28:16Z,2025-12-05T12:28:16Z,2026-10-07T21:20:04Z,general,RSS,titular+metadatos
aa95e2b01c90,TVN Media reafirma alianza con la Teletón 20-30,https://www.tvn-2.com/nacionales/tvn-media-reafirma-alianza-teleton-20-30_1_2214825.html,TVN Noticias,es,2025-11-13T21:11:59Z,2025-11-13T21:11:59Z,2026-10-07T21:20:04Z,general,RSS,titular+metadatos
8cf43fdcc543,Conape reconoce la trayectoria de periodistas de TVN Media,https://www.tvn-2.com/nacionales/conape-reconoce-trayectoria-periodistas-tvn-media_1_2215048.html,TVN Noticias,es,2025-11-15T01:39:04Z,2025-11-15T01:39:04Z,2026-10-07T21:20:04Z,general,RSS,titular+metadatos
9c06822f33bc,"Héroes por Panamá culminan su diplomado en Servicio, Liderazgo y Transformación Social",https://www.tvn-2.com/nacionales/heroes-por-panama-culminan-diplomado-servicio-liderazgo-transformacion_1_2212969.html,TVN Noticias,es,2025-10-30T00:42:53Z,2025-10-30T00:42:53Z,2026-10-07T21:20:04Z,general,RSS,titular+metadatos
e99913393519,TVN Media firma convenio como medio oficial del Concurso Nacional de Oratoria 2025,https://www.tvn-2.com/nacionales/tvn-media-firma-convenio-concurso-nacional-de-oratoria_1_2212606.html,TVN Noticias,es,2025-10-28T02:00:44Z,2025-10-28T02:00:44Z,2026-10-07T21:20:04Z,general,RSS,titular+metadatos
9d1e48338daa,Documental Panamá Reseñas de Nuestra Identidad llega al cine,https://www.tvn-2.com/nacionales/documental-panama-llega-pantalla-grande-cine-tvn-media_1_2212034.html,TVN Noticias,es,2025-10-23T21:33:32Z,2025-10-23T21:33:32Z,2026-10-07T21:20:04Z,general,RSS,titular+metadatos
04d71c66adfa,TVN Media y DIRCOM Panamá se unen para fortalecer la voz de los Héroes por Panamá,https://www.tvn-2.com/nacionales/tvn-media-dircom-panama-unen_1_2211616.html,TVN Noticias,es,2025-10-21T17:48:33Z,2025-10-21T17:48:33Z,2026-10-07T21:20:04Z,general,RSS,titular+metadatos
efdea8719999,"TVN Media se consolida en primer lugar como medio de comunicación con mejor reputación en Panamá, según Merco 2025",https://www.tvn-2.com/nacionales/tvn-media-nuevamente-consolida-empresas-mejor-reputacion_1_2211002.html,TVN Noticias,es,2025-10-17T02:44:03Z,2025-10-17T02:44:03Z,2026-10-07T21:20:04Z,general,RSS,titular+metadatos
c18389695681,Pacífica Salud reafirma su compromiso con la calidad y seguridad del paciente con nuevas acreditaciones de Joint Commission International,https://www.tvn-2.com/economia/empresas/publirreportajes/pacifica-salud-reafirma-compromiso-calidad_1_2256763.html,TVN Noticias,es,2026-08-21T15:00:37Z,2026-08-21T15:00:37Z,2026-10-07T21:20:04Z,servicios,RSS,titular+metadatos
60fc93934ea3,Costa Coffee se expande a Panamá con dos nuevas tiendas operadas por el socio franquiciado Grupo Maritanos,https://www.tvn-2.com/economia/empresas/publirreportajes/costa-coffee-expande-panama-nuevas_1_2256771.html,TVN Noticias,es,2026-08-21T15:41:33Z,2026-08-21T15:41:33Z,2026-10-07T21:20:04Z,general,RSS,titular+metadatos
c4f715516942,BYD y Cofiño presentan oficialmente el nuevo TI 7 en Panamá,https://www.tvn-2.com/economia/empresas/publirreportajes/byd-cofino-presentan-oficialmente-nuevo_1_2256978.html,TVN Noticias,es,2026-08-25T15:28:18Z,2026-08-25T15:28:18Z,2026-10-07T21:20:04Z,general,RSS,titular+metadatos
00d9574f94f5,"Tu Banco, tu Istmo: Banistmo presenta nueva identidad como parte del Grupo Financiero BSC",https://www.tvn-2.com/economia/empresas/publirreportajes/banco-istmo-banistmo-presenta-nueva_1_2258123.html,TVN Noticias,es,2026-08-28T18:15:25Z,2026-08-28T18:15:25Z,2026-10-07T21:20:04Z,economia,RSS,titular+metadatos
fdb6c6ebe463,Equipo de Búsqueda y Rescate Urbano del BCBRP mantiene operaciones en zonas afectadas por el terremoto en Venezuela,https://www.panamaamerica.com.pa/sociedad/equipo-de-busqueda-y-rescate-urbano-del-bcbrp-mantiene-operaciones-en-zonas-afectadas-por,panamaamerica.com.pa,es,,2026-06-30T19:15:00Z,2026-10-07T21:20:04Z,eventos_naturales,GDELT,titular+metadatos
575ac892d2aa,Décimo Tercer Mes de agosto 2026 : fecha oficial de pago en Panamá,https://www.telemetro.com/nacionales/decimo-tercer-mes-agosto-2026-fecha-oficial-pago-panama-n6083736,telemetro.com,es,,2026-06-30T18:15:00Z,2026-10-07T21:20:04Z,general,GDELT,titular+metadatos
2bd178ca226f,El suicidio juvenil crece un 38 % en América : redes sociales y depresión encienden las alarmas,https://www.panamaamerica.com.pa/sociedad/el-suicidio-juvenil-crece-un-38-en-america-redes-sociales-y-depresion-encienden-las-alarmas,panamaamerica.com.pa,es,,2026-06-30T16:45:00Z,2026-10-07T21:20:04Z,general,GDELT,titular+metadatos
e5d5dfa9bf25,Mercosur arranca su cumbre con seis mandatarios y el desplante de Milei,https://www.critica.com.pa/mundo/mercosur-arranca-su-cumbre-con-seis-mandatarios-y-el-desplante-de-milei-511908,critica.com.pa,es,,2026-06-30T16:00:00Z,2026-10-07T21:20:04Z,general,GDELT,titular+metadatos
946a1e48d772,Betserai Richards es postulado para presidir la Asamblea Nacional,https://www.telemetro.com/nacionales/betserai-richards-es-postulado-presidir-la-asamblea-nacional-n6083700,telemetro.com,es,,2026-06-30T13:15:00Z,2026-10-07T21:20:04Z,regulacion,GDELT,titular+metadatos
5a41d689ab83,Panamá llega a la Cumbre del MERCOSUR en Paraguay como el principal conector global de la región – Ministerio de Relaciones exteriores,https://mire.gob.pa/panama-llega-a-la-cumbre-del-mercosur-en-paraguay-como-el-principal-conector-global-de-la-region/,mire.gob.pa,es,,2026-06-30T12:30:00Z,2026-10-07T21:20:04Z,servicios,GDELT,titular+metadatos
971a90c63277,Venezuela | La Prensa Panamá,https://www.prensa.com/opinion/venezuela-2/,prensa.com,es,,2026-06-30T08:45:00Z,2026-10-07T21:20:04Z,general,GDELT,titular+metadatos
aa6047222e57,"El que no conoce un Diablo Rojo , no es panameño : 29 años pintando la historia sobre ruedas",https://www.prensa.com/vivir/el-que-no-conoce-un-diablo-rojo-no-es-panameno-29-anos-pintando-la-historia-sobre-ruedas/,prensa.com,es,,2026-06-30T08:45:00Z,2026-10-07T21:20:04Z,general,GDELT,titular+metadatos
d1a5b53bf83f,Banisi y Pomelo : una alianza que potencia nuestra evolución | La Prensa Panamá,https://www.prensa.com/contenido-de-marcas/banisi-y-pomelo-una-alianza-que-potencia-nuestra-evolucion/,prensa.com,es,,2026-06-30T08:45:00Z,2026-10-07T21:20:04Z,general,GDELT,titular+metadatos
f96c506f3ceb,Denis Chávez apuesta por la ejecución efectiva y transparente del presupuesto UP,https://www.prensa.com/sociedad/denis-chavez-apuesta-por-la-ejecucion-efectiva-y-transparente-del-presupuesto-up/,prensa.com,es,,2026-06-30T08:45:00Z,2026-10-07T21:20:04Z,economia,GDELT,titular+metadatos
d72d2a7917a1,Tal cual del 30 de junio de 2026 | La Prensa Panamá,https://www.prensa.com/opinion/tal-cual-1099/,prensa.com,es,,2026-06-30T08:45:00Z,2026-10-07T21:20:04Z,general,GDELT,titular+metadatos
718a2e6ac017,Panamá suspende exportaciones de energía para garantizar el suministro eléctrico nacional,https://www.critica.com.pa/nacional/panama-suspende-exportaciones-de-energia-para-garantizar-el-suministro-electrico-nacional,critica.com.pa,es,,2026-06-30T08:45:00Z,2026-10-07T21:20:04Z,servicios,GDELT,titular+metadatos
3613ab442233,El Canal de Panamá de 2050 : entre visión y advertencia,https://www.prensa.com/economia/el-canal-de-panama-de-2050-entre-vision-y-advertencia/,prensa.com,es,,2026-06-30T08:45:00Z,2026-10-07T21:20:04Z,logistica,GDELT,titular+metadatos
00f7eb048a9b,"Interconexión eléctrica Panamá - Colombia avanza con apoyo político y financiero , pero espera el aval indígena",https://www.prensa.com/economia/interconexion-electrica-panama-colombia-avanza-con-apoyo-politico-y-financiero-pero-espera-el-aval-indigena/,prensa.com,es,,2026-06-30T08:45:00Z,2026-10-07T21:20:04Z,general,GDELT,titular+metadatos
3699b573a141,Selección de Panamá regresa a suelo patrio,https://www.critica.com.pa/deportes/seleccion-de-panama-regresa-suelo-patrio-511890,critica.com.pa,es,,2026-06-30T08:45:00Z,2026-10-07T21:20:04Z,general,GDELT,titular+metadatos
585d44742de8,"Coiba , al nivel de Galápagos : la riqueza natural que científicos buscan proteger",https://www.prensa.com/sociedad/coiba-al-nivel-de-galapagos-la-riqueza-natural-que-cientificos-buscan-proteger/,prensa.com,es,,2026-06-30T08:45:00Z,2026-10-07T21:20:04Z,general,GDELT,titular+metadatos
533d1d9992d0,Universidad de Panamá se prepara para elecciones con más de 55 mil votantes habilitados,https://www.critica.com.pa/nacional/universidad-de-panama-se-prepara-para-elecciones-con-mas-de-55-mil-votantes-habilitados,critica.com.pa,es,,2026-06-30T08:45:00Z,2026-10-07T21:20:04Z,general,GDELT,titular+metadatos
00e84e4c3031,Hoy por hoy : la Asamblea a prueba,https://www.prensa.com/opinion/hoy-por-hoy-la-asamblea-a-prueba/,prensa.com,es,,2026-06-30T08:45:00Z,2026-10-07T21:20:04Z,regulacion,GDELT,titular+metadatos
1a48103a53cb,Espacios del metro en Villa Zaíta serán concesionados,https://www.panamaamerica.com.pa/nacion/espacios-del-metro-en-villa-zaita-seran-concesionados-1263349,panamaamerica.com.pa,es,,2026-06-30T05:45:00Z,2026-10-07T21:20:04Z,servicios,GDELT,titular+metadatos
6f01f976823e,¡ Jueguen vivo ! Alerta por mal tiempo en el Caribe,https://www.critica.com.pa/nacional/jueguen-vivo-alerta-por-mal-tiempo-en-el-caribe-511899,critica.com.pa,es,,2026-06-30T05:45:00Z,2026-10-07T21:20:04Z,general,GDELT,titular+metadatos
5b2504c96832,Instalan en hospital innovadora máquina que convierte el aire en agua potable,https://www.critica.com.pa/nacional/instalan-en-hospital-innovadora-maquina-que-convierte-el-aire-en-agua-potable-511898,critica.com.pa,es,,2026-06-30T05:45:00Z,2026-10-07T21:20:04Z,servicios,GDELT,titular+metadatos
23c4309bd959,Confabulario,https://www.panamaamerica.com.pa/confabulario/confabulario-1263340,panamaamerica.com.pa,es,,2026-06-30T05:45:00Z,2026-10-07T21:20:04Z,general,GDELT,titular+metadatos
2ca24cacbb59,Panamá pierde terreno sobre la inversión extranjera directa,https://www.panamaamerica.com.pa/nacion/panama-pierde-terreno-sobre-la-inversion-extranjera-directa-1263348,panamaamerica.com.pa,es,,2026-06-30T05:45:00Z,2026-10-07T21:20:04Z,general,GDELT,titular+metadatos
1f05f022e3ac,Feria Nacional de Artesanías 2026 reunirá a 677 artesanos,https://www.prensa.com/vivir/feria-nacional-de-artesanias-2026-reunira-a-677-artesanos/,prensa.com,es,,2026-06-30T04:15:00Z,2026-10-07T21:20:04Z,general,GDELT,titular+metadatos
a53bdbf8baf9,Las 72 horas que comenzaron hace décadas,https://www.prensa.com/opinion/las-72-horas-que-comenzaron-hace-decadas/,prensa.com,es,,2026-06-30T04:15:00Z,2026-10-07T21:20:04Z,general,GDELT,titular+metadatos
9e7c163af39a,Línea 3 del Metro : Tramo soterrado presenta un 88 % de avance,https://www.telemetro.com/nacionales/linea-3-del-metro-tramo-soterrado-presenta-un-88-avance-n6083686,telemetro.com,es,,2026-06-30T04:00:00Z,2026-10-07T21:20:04Z,servicios,GDELT,titular+metadatos
5d33b14152b7,Las 6 claves que marcaron Panamá y el mundo este 1 de junio,https://www.laestrella.com.pa/panama/nacional/las-6-claves-que-marcaron-panama-y-el-mundo-este-1-de-junio-HI22910263,laestrella.com.pa,es,,2026-06-01T23:45:00Z,2026-10-07T21:20:04Z,general,GDELT,titular+metadatos
d889577416b5,Así es cómo Etelvina de Bonagas ha ganado más de $2 . 5 millones en la Unachi,https://www.panamaamerica.com.pa/sociedad/asi-es-como-etelvina-de-bonagas-ha-ganado-mas-de-25-millones-en-la-unachi-1262312,panamaamerica.com.pa,es,,2026-06-01T23:15:00Z,2026-10-07T21:20:04Z,general,GDELT,titular+metadatos
da87e032257e,Comienza la temporada de huracanes : alerta hasta noviembre,https://www.panamaamerica.com.pa/sociedad/comienza-la-temporada-de-huracanes-alerta-hasta-noviembre-1262301,panamaamerica.com.pa,es,,2026-06-01T23:15:00Z,2026-10-07T21:20:04Z,general,GDELT,titular+metadatos
bce4060292c2,Marcha del Orgullo Gay se vestirá de rojo para apoyar a la Sele,https://www.critica.com.pa/show/marcha-del-orgullo-gay-se-vestira-de-rojo-para-apoyar-la-sele-510258,critica.com.pa,es,,2026-06-01T23:00:00Z,2026-10-07T21:20:04Z,general,GDELT,titular+metadatos
3da1be56e37d,Turismo en el interior podría mover más de $2 mil millones,https://www.critica.com.pa/nacional/turismo-en-el-interior-podria-mover-mas-de-2-mil-millones-510237,critica.com.pa,es,,2026-06-01T23:00:00Z,2026-10-07T21:20:04Z,turismo,GDELT,titular+metadatos
95abd584346c,Alerta máxima en Pacora : Reportan fuga reos en La Joyita,https://www.critica.com.pa/sucesos/alerta-maxima-en-pacora-reportan-fuga-reos-en-la-joyita-510268,critica.com.pa,es,,2026-06-01T23:00:00Z,2026-10-07T21:20:04Z,general,GDELT,titular+metadatos
bd38ba213300,Autoridades de Veraguas advierten sobre cumplimiento de normas en playas y riberas de ríos,https://www.diaadia.com.pa/deportes/autoridades-de-veraguas-advierten-sobre-cumplimiento-de-normas-en-playas-y-riberas-de-rios,diaadia.com.pa,es,,2026-06-01T23:00:00Z,2026-10-07T21:20:04Z,turismo,GDELT,titular+metadatos
c5f4f2add87d,Rita Hansell denuncia que la cuenta de IG de Matador está siendo utilizada para otros fines,https://www.diaadia.com.pa/deportes/rita-hansell-denuncia-que-la-cuenta-de-ig-de-matador-esta-siendo-utilizada-para-otros,diaadia.com.pa,es,,2026-06-01T23:00:00Z,2026-10-07T21:20:04Z,general,GDELT,titular+metadatos
a694c2fba38d,"Panamá Viejo , Coclé , Panamá Oeste , Taboga , Pedasí y Archipiélagos ya tienen representante para Miss Universe Panamá 2026",https://www.diaadia.com.pa/fama/panama-viejo-cocle-panama-oeste-taboga-pedasi-y-archipielagos-ya-tienen-representante-para,diaadia.com.pa,es,,2026-06-01T23:00:00Z,2026-10-07T21:20:04Z,general,GDELT,titular+metadatos
e6cd69367013,Extraña muerte en viejo caserón de Colón ... Nadie dice nada,https://www.critica.com.pa/sucesos/extrana-muerte-en-viejo-caseron-de-colon-nadie-dice-nada-510265,critica.com.pa,es,,2026-06-01T23:00:00Z,2026-10-07T21:20:04Z,general,GDELT,titular+metadatos
a66f93a7d75a,Mulino participó en la inauguración de Posidonia 2026 .,https://www.critica.com.pa/nacional/mulino-participo-en-la-inauguracion-de-posidonia-2026-510262,critica.com.pa,es,,2026-06-01T23:00:00Z,2026-10-07T21:20:04Z,general,GDELT,titular+metadatos
aa33c3160dd4,Operativos en La Chorrera dan como resultado 982 personas detenidas,https://www.diaadia.com.pa/el-pais/operativos-en-la-chorrera-dan-como-resultado-982-personas-detenidas-790019,diaadia.com.pa,es,,2026-06-01T23:00:00Z,2026-10-07T21:20:04Z,general,GDELT,titular+metadatos
76ebf42f9ac8,¡ Ojo con las cercas ! Alcaldía exige respetar acceso a playas y ríos,https://www.critica.com.pa/nacional/ojo-con-las-cercas-alcaldia-exige-respetar-acceso-playas-y-rios-510267,critica.com.pa,es,,2026-06-01T23:00:00Z,2026-10-07T21:20:04Z,turismo,GDELT,titular+metadatos
d0f6c4d80c59,Panameños ahorran hasta $160 mensuales en las tiendas del IMA,https://www.critica.com.pa/nacional/panamenos-ahorran-hasta-160-mensuales-en-las-tiendas-del-ima-510264,critica.com.pa,es,,2026-06-01T23:00:00Z,2026-10-07T21:20:04Z,general,GDELT,titular+metadatos
660f276769c6,Hallan lancha del pescador desaparecido ; pero no hay rastro de él,https://www.critica.com.pa/sucesos/hallan-lancha-del-pescador-desaparecido-pero-no-hay-rastro-de-el-510260,critica.com.pa,es,,2026-06-01T23:00:00Z,2026-10-07T21:20:04Z,general,GDELT,titular+metadatos
306f8eca1e6a,Operativos en La Chorrera dan como resultado 982 personas detenidas,https://www.diaadia.com.pa/el-pais/operativos-en-la-chorrera-dan-como-resultado-982-personas-detenidas-790017,diaadia.com.pa,es,,2026-06-01T23:00:00Z,2026-10-07T21:20:04Z,general,GDELT,titular+metadatos
9a8e2687de91,Panameños y colombianos terminan tras las rejas por venta de drogas sintéticas,https://www.critica.com.pa/sucesos/panamenos-y-colombianos-terminan-tras-las-rejas-por-venta-de-drogas-sinteticas-510259,critica.com.pa,es,,2026-06-01T23:00:00Z,2026-10-07T21:20:04Z,general,GDELT,titular+metadatos
19eb4a9e9900,La carrera por la corona de Miss Universe Panamá 2026 comenzó,https://www.diaadia.com.pa/fama/la-carrera-por-la-corona-de-miss-universe-panama-2026-comenzo-790014,diaadia.com.pa,es,,2026-06-01T23:00:00Z,2026-10-07T21:20:04Z,general,GDELT,titular+metadatos
584e7a87a5d1,CSS integra comité de ingenieros para modernizar y garantizar mantenimiento de sus infraestructuras,https://www.panamaamerica.com.pa/sociedad/css-integra-comite-de-ingenieros-para-modernizar-y-garantizar-mantenimiento-de-sus,panamaamerica.com.pa,es,,2026-06-01T22:30:00Z,2026-10-07T21:20:04Z,general,GDELT,titular+metadatos
2af66d2b76bc,Más de 185 mil panameños reciben alivio económico con el segundo pago de los programas sociales del MIDES,https://www.panamaamerica.com.pa/sociedad/mas-de-185-mil-panamenos-reciben-alivio-economico-con-el-segundo-pago-de-los-programas,panamaamerica.com.pa,es,,2026-06-01T22:30:00Z,2026-10-07T21:20:04Z,general,GDELT,titular+metadatos
4861e9712228,🏳️‍🌈La Marcha del Orgullo se teñirá de rojo en Panamá por una razón especial,https://www.midiario.com/farandula/la-marcha-del-orgullo-se-tenira-de-rojo-en-panama-por-una-razon-especial/,midiario.com,es,,2026-06-01T22:30:00Z,2026-10-07T21:20:04Z,general,GDELT,titular+metadatos
528db3e1579e,Diputados de Vamos viajarán a Washington para programa sobre seguridad y Estado de derecho,https://www.midiario.com/nacionales/diputados-de-vamos-viajaran-a-washington-para-programa-sobre-seguridad-y-estado-de-derecho/,midiario.com,es,,2026-06-01T22:30:00Z,2026-10-07T21:20:04Z,general,GDELT,titular+metadatos
2b8d5d09e068,Día Mundial Sin Tabaco : incautan productos no autorizados y entregan letreros de Prohibido fumar,https://www.midiario.com/nacionales/dia-mundial-sin-tabaco-incautan-productos-no-autorizados-y-entregan-letreros-de-prohibido-fumar/,midiario.com,es,,2026-06-01T22:30:00Z,2026-10-07T21:20:04Z,general,GDELT,titular+metadatos
d1a1c40c7434,Juez de Garantías avala detención provisional y condenas para implicados en la Operación Síntesis,https://www.panamaamerica.com.pa/provincias/juez-de-garantias-avala-detencion-provisional-y-condenas-para-implicados-en-la-0,panamaamerica.com.pa,es,,2026-06-01T21:15:00Z,2026-10-07T21:20:04Z,general,GDELT,titular+metadatos
4d5de1b3c4fd,Más de 500 policías custodiarán la despedida de la Selección Nacional rumbo al Mundial 2026,https://www.diaadia.com.pa/el-pais/mas-de-500-policias-custodiaran-la-despedida-de-la-seleccion-nacional-rumbo-al-mundial-2026,diaadia.com.pa,es,,2026-06-01T21:00:00Z,2026-10-07T21:20:04Z,general,GDELT,titular+metadatos
b71ca99c62ec,Christiansen achaca al desorden táctico y al físico la dura derrota contra Brasil,https://www.diaadia.com.pa/deportes/christiansen-achaca-al-desorden-tactico-y-al-fisico-la-dura-derrota-contra-brasil-790005,diaadia.com.pa,es,,2026-06-01T21:00:00Z,2026-10-07T21:20:04Z,general,GDELT,titular+metadatos
e912c389f1cb,Capturan a depredador sexual y lo condenan a 15 años de prisión por pornografía infantil,https://www.diaadia.com.pa/el-pais/capturan-depredador-sexual-y-lo-condenan-15-anos-de-prision-por-pornografia-infantil-790012,diaadia.com.pa,es,,2026-06-01T21:00:00Z,2026-10-07T21:20:04Z,general,GDELT,titular+metadatos
2d735b832e93,Cine panameño brilla en Hollywood : La Residencia gana el fondo de Amazon MGM Studios en el festival LALIFF,https://www.prensa.com/vivir/cine-panameno-brilla-en-hollywood-la-residencia-gana-el-fondo-de-amazon-mgm-studios-en-el-festival-laliff/,prensa.com,es,,2026-06-01T20:45:00Z,2026-10-07T21:20:04Z,general,GDELT,titular+metadatos
f5eeaed39558,Cuatro diputados de Vamos viajan a Washington para capacitación financiada por Estados Unidos,https://www.prensa.com/politica/cuatro-diputados-de-vamos-viajan-a-washington-para-capacitacion-financiada-por-estados-unidos/,prensa.com,es,,2026-06-01T20:45:00Z,2026-10-07T21:20:04Z,general,GDELT,titular+metadatos
2f5158acb245,Christiansen valoró enfrentar a un rival de élite y sus exigentes características,https://www.prensa.com/deportes/christiansen-valoro-enfrentar-a-un-rival-de-elite-y-sus-exigentes-caracteristicas/,prensa.com,es,,2026-06-01T20:45:00Z,2026-10-07T21:20:04Z,general,GDELT,titular+metadatos
b5dc9e810412,Panamá llega a la conferencia de la OIT bajo el escrutinio por libertad sindical y con desafíos en empleo,https://www.prensa.com/economia/panama-llega-a-la-conferencia-de-la-oit-bajo-el-escrutinio-por-libertad-sindical-y-con-desafios-en-empleo/,prensa.com,es,,2026-06-01T20:45:00Z,2026-10-07T21:20:04Z,economia,GDELT,titular+metadatos
8e0c7edad409,"Meduca denuncia a Etelvina Medianero , rectora de la Unachi , por presuntos delitos contra la administración pública",https://www.prensa.com/judiciales/meduca-denuncia-a-etelvina-medianero-rectora-de-la-unachi-por-presuntos-delitos-contra-la-administracion-publica/,prensa.com,es,,2026-06-01T20:45:00Z,2026-10-07T21:20:04Z,general,GDELT,titular+metadatos
4c9d66a1e66e,"Renuncia Víctor Vial , vicepresidente de Finanzas del Canal de Panamá",https://www.prensa.com/economia/victor-vial-vicepresidente-de-finanzas-del-canal-de-panama-renuncia/,prensa.com,es,,2026-06-01T20:45:00Z,2026-10-07T21:20:04Z,logistica,GDELT,titular+metadatos
6e0bb28c9559,Tribunal mantiene multas de $10 y $30 millones a delator de Pablo Escobar por blanqueo de capitales,https://www.prensa.com/judiciales/tribunal-mantiene-multas-de-10-y-30-millones-a-delator-de-pablo-escobar-por-blanqueo-de-capitales/,prensa.com,es,,2026-06-01T20:45:00Z,2026-10-07T21:20:04Z,regulacion,GDELT,titular+metadatos
cd82362f6cbb,Viceministro Guevara Mann y monseñor Ulloa conversan sobre relevancia del Congreso Anfictiónico de Panamá – Ministerio de Relaciones exteriores,https://mire.gob.pa/viceministro-guevara-mann-y-monsenor-ulloa-conversan-sobre-relevancia-del-congreso-anfictionico-de-panama/,mire.gob.pa,es,,2026-06-01T19:15:00Z,2026-10-07T21:20:04Z,general,GDELT,titular+metadatos
efa07ef0d2db,Víctor Vial deja la estrategia financiera del Canal de Panamá tras 7 años,https://www.laestrella.com.pa/panama/nacional/victor-vial-deja-la-estrategia-financiera-del-canal-de-panama-tras-7-anos-AB22898549,laestrella.com.pa,es,,2026-06-01T18:45:00Z,2026-10-07T21:20:04Z,logistica,GDELT,titular+metadatos
f28c7675110b,"Afrodisíaco lanza Palenque Afrodisíaco , un viaje musical por la identidad panameña",https://www.diaadia.com.pa/fama/afrodisiaco-lanza-palenque-afrodisiaco-un-viaje-musical-por-la-identidad-panamena-790002,diaadia.com.pa,es,,2026-06-01T18:15:00Z,2026-10-07T21:20:04Z,general,GDELT,titular+metadatos
908debcd0214,Bomberos reportan 265 emergencias semanales y piden precaución ante accidentes de tránsito,https://www.panamaamerica.com.pa/sociedad/bomberos-reportan-265-emergencias-semanales-y-piden-precaucion-ante-accidentes-de-transito,panamaamerica.com.pa,es,,2026-06-01T17:45:00Z,2026-10-07T21:20:04Z,logistica,GDELT,titular+metadatos
806bfe93d34c,Maestros impulsan la enseñanza del inglés en Congreso Nacional del Meduca,https://www.panamaamerica.com.pa/sociedad/maestros-impulsan-la-ensenanza-del-ingles-en-congreso-nacional-del-meduca-1262299,panamaamerica.com.pa,es,,2026-06-01T17:45:00Z,2026-10-07T21:20:04Z,general,GDELT,titular+metadatos
b1d5ae22a228,De la Espriella aventaja por más de 150 . 000 votos a Cepeda entre los colombianos en el exterior,https://www.panamaamerica.com.pa/mundo/de-la-espriella-aventaja-por-mas-de-150000-votos-cepeda-entre-los-colombianos-en-el-exterior,panamaamerica.com.pa,es,,2026-06-01T17:45:00Z,2026-10-07T21:20:04Z,general,GDELT,titular+metadatos
f6b455978d2b,Activan operativo con 51 puntos de cobertura por Semana Santa,https://www.prensa.com/sociedad/activan-operativo-con-51-puntos-de-cobertura-por-semana-santa/,prensa.com,es,,2026-04-01T23:45:00Z,2026-10-07T21:20:04Z,general,GDELT,titular+metadatos
d6ff865ac2a6,Trabajos de mantenimiento en la red eléctrica Del 6 al 12 de abril de 2026 | La Prensa Panamá,https://www.prensa.com/notas-de-prensa/trabajos-de-mantenimiento-en-la-red-electrica-del-6-al-12-de-abril-de-2026/,prensa.com,es,,2026-04-01T23:45:00Z,2026-10-07T21:20:04Z,general,GDELT,titular+metadatos
f28f48abb005,El primer grito de gol de José Córdoba con la selección Panamá,https://www.prensa.com/deportes/el-primer-grito-de-gol-de-jose-cordoba-con-la-seleccion-panama/,prensa.com,es,,2026-04-01T23:45:00Z,2026-10-07T21:20:04Z,general,GDELT,titular+metadatos
b94a6e22a4fb,Enchirolan mujer por viajar desde Chiriquí a Panamá para robar a conductora,https://www.critica.com.pa/sucesos/enchirolan-mujer-por-viajar-desde-chiriqui-panama-para-robar-conductora-507077,critica.com.pa,es,,2026-04-01T23:00:00Z,2026-10-07T21:20:04Z,general,GDELT,titular+metadatos
5f68784ca340,Coyotes extranjeros imputados por tráfico ilícito de migrantes en Guna Yala,https://www.critica.com.pa/sucesos/coyotes-extranjeros-imputados-por-trafico-ilicito-de-migrantes-en-guna-yala-507087,critica.com.pa,es,,2026-04-01T23:00:00Z,2026-10-07T21:20:04Z,general,GDELT,titular+metadatos
88782a9a4bf5,Semana Santa : el Aeropuerto Internacional de Tocumen gestionará más de 78 mil pasajeros,https://www.diaadia.com.pa/el-pais/semana-santa-el-aeropuerto-internacional-de-tocumen-gestionara-mas-de-78-mil-pasajeros,diaadia.com.pa,es,,2026-04-01T21:45:00Z,2026-10-07T21:20:04Z,logistica,GDELT,titular+metadatos
464b95111720,"Colombia , México y Uruguay siguen en el top 20 del ránking FIFA ; Panamá aún en el 33",https://www.diaadia.com.pa/el-pais/colombia-mexico-y-uruguay-siguen-en-el-top-20-del-ranking-fifa-panama-aun-en-el-33-789025,diaadia.com.pa,es,,2026-04-01T21:45:00Z,2026-10-07T21:20:04Z,general,GDELT,titular+metadatos
0da376baec91,Preview - Asamblea de Panamá,https://www.asamblea.gob.pa/Noticias/Noticias/NINEZ-Y-ADOLESCENCIA-AVANCES-LEGALES-Y-RETOS-EN-SU-APLICACION,asamblea.gob.pa,es,,2026-04-01T20:00:00Z,2026-10-07T21:20:04Z,regulacion,GDELT,titular+metadatos
d7a01c6d12a0,Frías recibió con sorpresa y emoción la noticia que es la abanderada de Panamá,https://www.panamaamerica.com.pa/deportes/frias-recibio-con-sorpresa-y-emocion-la-noticia-que-es-la-abanderada-de-panama-1260268,panamaamerica.com.pa,es,,2026-04-01T20:00:00Z,2026-10-07T21:20:04Z,general,GDELT,titular+metadatos
b41ba9e80de7,Frenazo al alza : Panamá inyecta $100 millones para estabilizar el combustible por 10 meses,https://www.laestrella.com.pa/economia/frenazo-al-alza-panama-inyecta-100-millones-para-estabilizar-el-combustible-por-10-meses-CF21244897,laestrella.com.pa,es,,2026-04-01T17:45:00Z,2026-10-07T21:20:04Z,general,GDELT,titular+metadatos
f3061b9fb0ba,"Ocupación hotelera subió 8 puntos , lo que produjo más de B /. 6 mil millones en consumo turístico",https://www.diaadia.com.pa/el-pais/ocupacion-hotelera-subio-8-puntos-lo-que-produjo-mas-de-b-6-mil-millones-en-consumo,diaadia.com.pa,es,,2026-04-01T17:15:00Z,2026-10-07T21:20:04Z,turismo,GDELT,titular+metadatos
b4c2d04e11da,"Expandir la capacidad logística permitirá que Panamá deje de perder , dice gremio marítimo",https://www.diaadia.com.pa/el-pais/expandir-la-capacidad-logistica-permitira-que-panama-deje-de-perder-dice-gremio-maritimo,diaadia.com.pa,es,,2026-04-01T17:15:00Z,2026-10-07T21:20:04Z,logistica,GDELT,titular+metadatos
42c24ed1ed8b,Lakesiss representará a Panamá en el reality independiente Regias del Drag España,https://www.diaadia.com.pa/fama/lakesiss-representara-panama-en-el-reality-independiente-regias-del-drag-espana-789016,diaadia.com.pa,es,,2026-04-01T17:15:00Z,2026-10-07T21:20:04Z,general,GDELT,titular+metadatos
7e703a9a1a16,Universidad de Panamá lidera por cuarto año consecutivo ranking Scimago a nivel nacional,https://www.diaadia.com.pa/el-pais/universidad-de-panama-lidera-por-cuarto-ano-consecutivo-ranking-scimago-nivel-nacional,diaadia.com.pa,es,,2026-04-01T17:15:00Z,2026-10-07T21:20:04Z,general,GDELT,titular+metadatos
2869ac033927,Fatal accidente en la entrada del viaducto de La Chorrera,https://www.diaadia.com.pa/el-pais/fatal-accidente-en-la-entrada-del-viaducto-de-la-chorrera-789021,diaadia.com.pa,es,,2026-04-01T17:15:00Z,2026-10-07T21:20:04Z,general,GDELT,titular+metadatos
fe7630b922ec,Ley Seca en la Ciudad de Panamá : horario para Semana Santa,https://www.telemetro.com/nacionales/ley-seca-la-ciudad-panama-horario-semana-santa-n6074844,telemetro.com,es,,2026-04-01T17:00:00Z,2026-10-07T21:20:04Z,regulacion,GDELT,titular+metadatos
e4c0f88dbf69,Universidad de Panamá lidera Ranking Scimago 2026 por cuarto año consecutivo,https://www.telemetro.com/nacionales/universidad-panama-lidera-ranking-scimago-2026-cuarto-ano-consecutivo-n6074850,telemetro.com,es,,2026-04-01T17:00:00Z,2026-10-07T21:20:04Z,general,GDELT,titular+metadatos
234c0584871c,La Chorrera : camioneta se estrella contra muro y deja un muerto,https://www.midiario.com/policiales/la-chorrera-camioneta-se-estrella-contra-muro-y-deja-un-muerto/,midiario.com,es,,2026-04-01T16:30:00Z,2026-10-07T21:20:04Z,general,GDELT,titular+metadatos
7e66fb80d4a6,"Iglesia San José y su Altar de Oro , el tesoro que enga a piratas en Panam",https://www.midiario.com/nacionales/iglesia-san-jose-y-su-altar-de-oro-el-tesoro-que-engano-a-piratas-en-panama/,midiario.com,es,,2026-04-01T16:30:00Z,2026-10-07T21:20:04Z,general,GDELT,titular+metadatos
209de0c7e58b,Paciente denuncia hurto de su auto en los estacionamientos del Complejo Hospitalario de la CSS,https://www.telemetro.com/nacionales/paciente-denuncia-hurto-su-auto-los-estacionamientos-del-complejo-hospitalario-la-css-n6074825,telemetro.com,es,,2026-04-01T16:30:00Z,2026-10-07T21:20:04Z,servicios,GDELT,titular+metadatos
befd00409e26,MiAmbiente emite recomendaciones a quienes visitan las áreas protegidas,https://www.telemetro.com/entrevistas/nacionales/miambiente-emite-recomendaciones-quienes-visitan-las-areas-protegidas-n6074810,telemetro.com,es,,2026-04-01T16:15:00Z,2026-10-07T21:20:04Z,general,GDELT,titular+metadatos
f9b0a0dbc3df,"Descuentos a jubilados y pensionados en Panamá : desde qué edad aplican y en qué servicios , según ACODECO",https://www.telemetro.com/nacionales/descuentos-jubilados-y-pensionados-panama-que-edad-aplican-y-que-servicios-segun-acodeco-n6074823,telemetro.com,es,,2026-04-01T16:15:00Z,2026-10-07T21:20:04Z,general,GDELT,titular+metadatos
10865b009a77,Misión Artemis II de la NASA : Panameño participa del lanzamiento Llevo la bandera con orgullo,https://www.telemetro.com/nacionales/mision-artemis-ii-la-nasa-panameno-participa-del-lanzamiento-llevo-la-bandera-orgullo-n6074835,telemetro.com,es,,2026-04-01T16:15:00Z,2026-10-07T21:20:04Z,general,GDELT,titular+metadatos
4e218714ff5f,NASA lanza misión Artemis II a la Luna : será el primer viaje tripulado desde 1972,https://www.telemetro.com/actualidad/nasa-lanza-mision-artemis-ii-la-luna-sera-el-primer-viaje-tripulado-1972-n6074829,telemetro.com,es,,2026-04-01T16:15:00Z,2026-10-07T21:20:04Z,general,GDELT,titular+metadatos
cc83e3a40d49,Béisbol Mayor 2026 : así queda la ronda de ocho y los equipos clasificados,https://www.telemetro.com/deportes/beisbol-mayor-2026-asi-queda-la-ronda-ocho-y-los-equipos-clasificados-n6074812,telemetro.com,es,,2026-04-01T16:15:00Z,2026-10-07T21:20:04Z,general,GDELT,titular+metadatos
c94a3ab65e30,Condenan a dos mujeres por ingresar drogas y armas a La Joyita : 232 meses de prisión,https://www.telemetro.com/nacionales/condenan-dos-mujeres-ingresar-drogas-y-armas-la-joyita-232-meses-prision-n6074821,telemetro.com,es,,2026-04-01T16:15:00Z,2026-10-07T21:20:04Z,general,GDELT,titular+metadatos
e7a721a906b6,"Panamá alcanza B /. 6 , 500 millones en gasto turístico en 2025 y eleva la ocupación hotelera",https://www.telemetro.com/nacionales/panama-alcanza-b-6500-millones-gasto-turistico-2025-y-eleva-la-ocupacion-hotelera-n6074837,telemetro.com,es,,2026-04-01T16:15:00Z,2026-10-07T21:20:04Z,turismo,GDELT,titular+metadatos
25b179f5fada,Precios del combustible en Panamá suben desde este viernes 3 de abril : así quedan gasolina y diésel,https://www.telemetro.com/nacionales/precios-del-combustible-panama-suben-este-viernes-3-abril-asi-quedan-gasolina-y-diesel-n6074809,telemetro.com,es,,2026-04-01T16:15:00Z,2026-10-07T21:20:04Z,general,GDELT,titular+metadatos
7169cb82a826,Acodeco mantiene monitoreos sobre los precios del combustible para evitar acaparamiento o especulación,https://www.telemetro.com/entrevistas/nacionales/acodeco-mantiene-monitoreos-los-precios-del-combustible-evitar-acaparamiento-o-especulacion-n6074811,telemetro.com,es,,2026-04-01T16:15:00Z,2026-10-07T21:20:04Z,general,GDELT,titular+metadatos
0a6a1be0255f,Ministro de Comercio habla sobre medidas del Gobierno ante alza del combustible y bioetanol,https://www.telemetro.com/entrevistas/nacionales/ministro-comercio-habla-medidas-del-gobierno-alza-del-combustible-y-bioetanol-n6074816,telemetro.com,es,,2026-04-01T16:15:00Z,2026-10-07T21:20:04Z,general,GDELT,titular+metadatos
2d03a6081888,Más de 200 mil trabajadores devengan menos de 100 dólares en Panamá,https://www.panamaamerica.com.pa/economia/mas-de-200-mil-trabajadores-devengan-menos-de-100-dolares-en-panama-1260234,panamaamerica.com.pa,es,,2026-04-01T13:15:00Z,2026-10-07T21:20:04Z,economia,GDELT,titular+metadatos
39eca3b7f7a9,Sinaproc pone bajo aviso a vertientes del Caribe y Pacífico por condiciones ventosas,https://www.laestrella.com.pa/panama/nacional/sinaproc-pone-bajo-aviso-a-vertientes-del-caribe-y-pacifico-por-condiciones-ventosas-pe20356678,laestrella.com.pa,es,,2026-03-01T23:15:00Z,2026-10-07T21:20:04Z,general,GDELT,titular+metadatos
2a90d5aae32f,Panameñas cuentan cómo sobreviven a los ataques en Dubái : Un susto muy grande,https://www.laestrella.com.pa/vida-y-cultura/panamenas-cuentan-como-sobreviven-a-los-ataques-en-dubai-un-susto-muy-grande-BG20370436,laestrella.com.pa,es,,2026-03-01T23:15:00Z,2026-10-07T21:20:04Z,general,GDELT,titular+metadatos
15e947fa79db,Arqueología bajo el agua : Panamá fortalece la protección de su historia,https://www.laestrella.com.pa/vida-y-cultura/arqueologia-bajo-el-agua-panama-fortalece-la-proteccion-de-su-historia-EH20367650,laestrella.com.pa,es,,2026-03-01T23:15:00Z,2026-10-07T21:20:04Z,servicios,GDELT,titular+metadatos
c9985c5f9f97,Panamá invita a 12 países a adherirse al Tratado de Neutralidad del Canal,https://www.diaadia.com.pa/el-pais/panama-invita-12-paises-adherirse-al-tratado-de-neutralidad-del-canal-788514,diaadia.com.pa,es,,2026-03-01T23:00:00Z,2026-10-07T21:20:04Z,logistica,GDELT,titular+metadatos
294b12b776a2,Panamá lamenta muerte de tres personas en tiroteo en EEUU que se investiga como terrorismo,https://www.diaadia.com.pa/el-pais/panama-lamenta-muerte-de-tres-personas-en-tiroteo-en-eeuu-que-se-investiga-como-terrorismo,diaadia.com.pa,es,,2026-03-01T23:00:00Z,2026-10-07T21:20:04Z,general,GDELT,titular+metadatos
2166f319970d,Cada dos horas se registra un incendio de masa vegetal en el territorio nacional,https://www.diaadia.com.pa/el-pais/cada-dos-horas-se-registra-un-incendio-de-masa-vegetal-en-el-territorio-nacional-788516,diaadia.com.pa,es,,2026-03-01T23:00:00Z,2026-10-07T21:20:04Z,general,GDELT,titular+metadatos
9ff7f0715fcb,Arranque escolar 2026 con tropiezos : 13 escuelas no abren,https://www.critica.com.pa/nacional/arranque-escolar-2026-con-tropiezos-13-escuelas-no-abren-505356,critica.com.pa,es,,2026-03-01T22:30:00Z,2026-10-07T21:20:04Z,general,GDELT,titular+metadatos
9443653facef,"Encuentran a suegro de exdiputado de Barú , muerto , amordazado y amarrado",https://www.critica.com.pa/sucesos/encuentran-suegro-de-exdiputado-de-baru-muerto-amordazado-y-amarrado-505355,critica.com.pa,es,,2026-03-01T22:30:00Z,2026-10-07T21:20:04Z,general,GDELT,titular+metadatos
b7f3d5c6542f,"ATTT cambia carriles en la mañana y en la tarde desde hoy lunes , tanto en Panamá Oeste como en la City por el regreso clases",https://www.midiario.com/nacionales/attt-cambia-carriles-en-la-manana-y-en-la-tarde-desde-hoy-lunes-tanto-en-panama-oeste-como-en-la-city-por-el-regreso-clases/,midiario.com,es,,2026-03-01T21:15:00Z,2026-10-07T21:20:04Z,general,GDELT,titular+metadatos
db4432a4520d,Panamá recomienda evitar viajes no esenciales a Medio Oriente por escalada del conflicto,https://www.midiario.com/nacionales/panama-recomienda-evitar-viajes-no-esenciales-a-medio-oriente-por-escalada-del-conflicto/,midiario.com,es,,2026-03-01T21:15:00Z,2026-10-07T21:20:04Z,general,GDELT,titular+metadatos
d60d84e910bd,Arranca el año escolar con 10 mil 500 viajes diarios de MiBus para enfrentar la alta demanda,https://www.midiario.com/nacionales/arranca-el-ano-escolar-con-10-mil-500-viajes-diarios-de-mibus-para-enfrentar-la-alta-demanda/,midiario.com,es,,2026-03-01T21:15:00Z,2026-10-07T21:20:04Z,general,GDELT,titular+metadatos
8a08e3b6dfc4,"Cortes de luz programados este lunes en Coclé , Chiriquí , Parque Lefevre , Betania y más por mantenimiento",https://www.midiario.com/nacionales/cortes-de-luz-programados-este-lunes-en-cocle-chiriqui-parque-lefevre-betania-y-mas-por-mantenimiento/,midiario.com,es,,2026-03-01T21:15:00Z,2026-10-07T21:20:04Z,regulacion,GDELT,titular+metadatos
0ee28d93cf44,xito total ! Sabores de Colón 2026 arrasa con saus y cong,https://www.midiario.com/nacionales/exito-total-sabores-de-colon-2026-arrasa-con-saus-y-congo/,midiario.com,es,,2026-03-01T21:15:00Z,2026-10-07T21:20:04Z,general,GDELT,titular+metadatos
8be2d395cb39,Eclipse lunar total teñirá de rojo el cielo en la madrugada del 3 de marzo,https://www.midiario.com/nacionales/eclipse-lunar-total-tenira-de-rojo-el-cielo-en-la-madrugada-del-3-de-marzo/,midiario.com,es,,2026-03-01T21:15:00Z,2026-10-07T21:20:04Z,general,GDELT,titular+metadatos
5cbf5e1de018,Panamá calentará motores frente a los Yankees y Tigers en Tampa antes del Clásico Mundial,https://www.midiario.com/deportivas/panama-calentara-motores-frente-a-los-yankees-y-tigers-en-tampa-antes-del-clasico-mundial/,midiario.com,es,,2026-03-01T21:15:00Z,2026-10-07T21:20:04Z,general,GDELT,titular+metadatos
e9063e0b78e3,Aviso de prevención por SINAPROC : fuertes vientos en Panamá hasta el 3 de marzo,https://www.telemetro.com/nacionales/aviso-prevencion-sinaproc-fuertes-vientos-panama-el-3-marzo-n6071393,telemetro.com,es,,2026-03-01T19:45:00Z,2026-10-07T21:20:04Z,general,GDELT,titular+metadatos
3b868285b869,¡ No hay tregua ! En Panamá se registra un incendio de masa vegetal cada dos horas,https://www.laestrella.com.pa/panama/nacional/no-hay-tregua-en-panama-se-registra-un-incendio-de-masa-vegetal-cada-dos-horas-PH20362269,laestrella.com.pa,es,,2026-03-01T19:45:00Z,2026-10-07T21:20:04Z,general,GDELT,titular+metadatos
229658753c07,MiBus aumenta viajes y ATTT amplía inversión de carriles ante el inicio del año escolar,https://www.prensa.com/sociedad/mibus-aumenta-viajes-y-attt-amplia-inversion-de-carriles-ante-el-inicio-del-ano-escolar/,prensa.com,es,,2026-03-01T19:30:00Z,2026-10-07T21:20:04Z,general,GDELT,titular+metadatos
172d3c2e4bfe,Panamá Oeste confirmó su dominio y se quedó con el Juvenil 2026,https://www.prensa.com/deportes/panama-oeste-confirmo-su-dominio-y-se-quedo-con-el-juvenil-2026/,prensa.com,es,,2026-03-01T19:30:00Z,2026-10-07T21:20:04Z,general,GDELT,titular+metadatos
6f4009941976,Panamá extiende invitación a 12 países para adherirse al Tratado de Neutralidad del Canal,https://www.prensa.com/politica/panama-extiende-invitacion-a-12-paises-para-adherirse-al-tratado-de-neutralidad-del-canal/,prensa.com,es,,2026-03-01T19:30:00Z,2026-10-07T21:20:04Z,logistica,GDELT,titular+metadatos
2dfce6e626f5,Sector empresarial llama a elevar estándares en logística tras fallo contra Panama Ports,https://www.prensa.com/economia/sector-empresarial-llama-a-elevar-estandares-en-logistica-tras-fallo-contra-panama-ports/,prensa.com,es,,2026-03-01T19:30:00Z,2026-10-07T21:20:04Z,logistica,GDELT,titular+metadatos
eb5663a60939,Sicarios atacan y matan a un hombre en Alto de Los Lagos,https://www.critica.com.pa/sucesos/sicarios-atacan-y-matan-un-hombre-en-alto-de-los-lagos-505341,critica.com.pa,es,,2026-03-01T19:00:00Z,2026-10-07T21:20:04Z,general,GDELT,titular+metadatos
16700b43c6cc,Pagos del PASE - U : estos son los lugares donde IFARHU entregará cheques el 2 de marzo,https://www.telemetro.com/nacionales/pagos-del-pase-u-estos-son-los-lugares-donde-ifarhu-entregara-cheques-el-2-marzo-n6071367,telemetro.com,es,,2026-03-01T19:00:00Z,2026-10-07T21:20:04Z,general,GDELT,titular+metadatos
944076855521,Eclipse lunar total y Luna llena de marzo : a qué hora se verá en Panamá la Luna de Sangre,https://www.telemetro.com/actualidad/eclipse-lunar-total-y-luna-llena-marzo-que-hora-se-vera-panama-la-luna-sangre-n6071386,telemetro.com,es,,2026-03-01T19:00:00Z,2026-10-07T21:20:04Z,general,GDELT,titular+metadatos
8884b03f8375,Panamá Oeste gana el Béisbol Juvenil 2026 y barre la serie final ante Chiriquí,https://www.telemetro.com/deportes/panama-oeste-gana-el-beisbol-juvenil-2026-y-barre-la-serie-final-chiriqui-n6071383,telemetro.com,es,,2026-03-01T19:00:00Z,2026-10-07T21:20:04Z,general,GDELT,titular+metadatos
972e238683a2,Panamá invita a 12 países a adherirse al Tratado de Neutralidad del Canal,https://www.critica.com.pa/nacional/panama-invita-12-paises-adherirse-al-tratado-de-neutralidad-del-canal-505344,critica.com.pa,es,,2026-03-01T19:00:00Z,2026-10-07T21:20:04Z,logistica,GDELT,titular+metadatos
0c32d7610a02,Panama City to Chiriquí Railway : The Undeniable Tourism Potential,https://newsroompanama.com/2026/03/01/panama-city-to-chiriqui-railway-the-undeniable-tourism-potential/,newsroompanama.com,es,,2026-03-01T18:45:00Z,2026-10-07T21:20:04Z,general,GDELT,titular+metadatos
095ac35009fc,Kidney Transplants Lead in Panama with Over a Thousand Procedures,https://newsroompanama.com/2026/03/01/kidney-transplants-lead-in-panama-with-over-a-thousand-procedures/,newsroompanama.com,es,,2026-03-01T18:45:00Z,2026-10-07T21:20:04Z,general,GDELT,titular+metadatos
cdf62880d4c7,Panama Strengthens the Protection of Seagrass Beds Against Climate Change,https://newsroompanama.com/2026/03/01/panama-strengthens-the-protection-of-seagrass-beds-against-climate-change/,newsroompanama.com,es,,2026-03-01T18:45:00Z,2026-10-07T21:20:04Z,general,GDELT,titular+metadatos
c7bd72e4ab58,Chapman aclara que Gobierno no pretende afirmar que China dependa de Panamá,https://www.panamaamerica.com.pa/economia/chapman-aclara-que-gobierno-no-pretende-afirmar-que-china-dependa-de-panama-1259132,panamaamerica.com.pa,es,,2026-03-01T18:30:00Z,2026-10-07T21:20:04Z,general,GDELT,titular+metadatos
485b6b70bcc7,Defensoría del Pueblo insta a garantizar escuelas sin discriminación en 2026,https://www.laestrella.com.pa/panama/nacional/defensoria-del-pueblo-insta-a-garantizar-escuelas-sin-discriminacion-en-2026-KE20353283,laestrella.com.pa,es,,2026-03-01T18:15:00Z,2026-10-07T21:20:04Z,general,GDELT,titular+metadatos
1bf53d364454,CCIAP aboga por una reforma educativa integral para cerrar brechas en Panamá,https://www.diaadia.com.pa/el-pais/cciap-aboga-por-una-reforma-educativa-integral-para-cerrar-brechas-en-panama-788509,diaadia.com.pa,es,,2026-03-01T18:15:00Z,2026-10-07T21:20:04Z,general,GDELT,titular+metadatos
9c9c33143aa8,Concejales piden a Meduca que directores utilicen el FECE,https://www.diaadia.com.pa/el-pais/concejales-piden-meduca-que-directores-utilicen-el-fece-788507,diaadia.com.pa,es,,2026-03-01T18:15:00Z,2026-10-07T21:20:04Z,general,GDELT,titular+metadatos
7c5d0abb1a09,Eclipse total teñirá de rojo la Luna y será visible en Panamá,https://www.laestrella.com.pa/panama/informacion-util/eclipse-total-tenira-de-rojo-la-luna-y-sera-visible-en-panama-JE20355963,laestrella.com.pa,es,,2026-03-01T18:15:00Z,2026-10-07T21:20:04Z,general,GDELT,titular+metadatos
68e23141fd65,La educación es una inversión moral para Panamá : mensaje de Ulloa en el inicio de clases,https://www.laestrella.com.pa/panama/nacional/la-educacion-es-una-inversion-moral-para-panama-mensaje-de-ulloa-en-el-inicio-de-clases-EE20354536,laestrella.com.pa,es,,2026-03-01T18:15:00Z,2026-10-07T21:20:04Z,servicios,GDELT,titular+metadatos
9a776447a473,Panamá invita a 12 naciones a adherirse al Tratado de Neutralidad del Canal,https://www.laestrella.com.pa/panama/nacional/panama-invita-a-12-naciones-a-adherirse-al-tratado-de-neutralidad-del-canal-JE20359725,laestrella.com.pa,es,,2026-03-01T18:15:00Z,2026-10-07T21:20:04Z,logistica,GDELT,titular+metadatos
dc88be2342dc,Empresarios llaman a aprovechar oportunidad para el sector logístico tras decisión contra Panama Ports,https://www.laestrella.com.pa/economia/empresarios-llaman-a-aprovechar-oportunidad-para-el-sector-logistico-tras-decision-contra-panama-ports-AE20353074,laestrella.com.pa,es,,2026-03-01T18:15:00Z,2026-10-07T21:20:04Z,general,GDELT,titular+metadatos
2de5c38ac0c1,El turismo necesita una estrategia a largo plazo para sostener su auge : Cámara de Comercio,https://www.laestrella.com.pa/economia/el-turismo-necesita-una-estrategia-a-largo-plazo-para-sostener-su-auge-camara-de-comercio-DE20355521,laestrella.com.pa,es,,2026-03-01T18:15:00Z,2026-10-07T21:20:04Z,turismo,GDELT,titular+metadatos
5c8582dbc9f4,Sin rastro de menor desaparecida rün : Sinaproc suspende operativo,https://www.critica.com.pa/sucesos/sin-rastro-de-menor-desaparecida-nurun-sinaproc-suspende-operativo-505339,critica.com.pa,es,,2026-03-01T17:45:00Z,2026-10-07T21:20:04Z,general,GDELT,titular+metadatos
d90eb3f66ecd,Sicarios atacan y matan a un hombre en Alto de Los Lagos en Cristóbal Este,https://www.critica.com.pa/sucesos/sicarios-atacan-y-matan-un-hombre-en-alto-de-los-lagos-en-cristobal-este-505341,critica.com.pa,es,,2026-03-01T17:45:00Z,2026-10-07T21:20:04Z,general,GDELT,titular+metadatos
4a8b037e3b89,¡ Vaqueros de Panamá Oeste barren a Chiriquí y son campeones juveniles 2026 !,https://www.midiario.com/deportivas/vaqueros-de-panama-oeste-barren-a-chiriqui-y-son-campeones-juveniles-2026/,midiario.com,es,,2026-03-01T17:00:00Z,2026-10-07T21:20:04Z,general,GDELT,titular+metadatos
d9c16c77c92b,¡ Adiós a la espera ! El Oncológico adquiere Cámara Gamma para mejorar los diagnósticos de cáncer,https://www.midiario.com/nacionales/adios-a-la-espera-el-oncologico-adquiere-camara-gamma-para-mejorar-los-diagnosticos-de-cancer/,midiario.com,es,,2026-03-01T17:00:00Z,2026-10-07T21:20:04Z,general,GDELT,titular+metadatos
c005936c867f,Apede : Panamá debe ordenar su sector logístico con reglas claras y visión de futuro,https://www.panamaamerica.com.pa/economia/apede-panama-debe-ordenar-su-sector-logistico-con-reglas-claras-y-vision-de-futuro-1259129,panamaamerica.com.pa,es,,2026-03-01T16:00:00Z,2026-10-07T21:20:04Z,general,GDELT,titular+metadatos
2943ed633a29,Francia redescubre su huella humana en el Canal de Panamá,https://www.panamaamerica.com.pa/sinseccion/francia-redescubre-su-huella-humana-en-el-canal-de-panama-1259115,panamaamerica.com.pa,es,,2026-03-01T15:30:00Z,2026-10-07T21:20:04Z,logistica,GDELT,titular+metadatos
5d0614f6e5de,Pirámide de Chakatín para el sorteo dominical del 1 de marzo de 2026,https://www.telemetro.com/entretenimiento/piramide-chakatin-el-sorteo-dominical-del-1-marzo-2026-n6071363,telemetro.com,es,,2026-03-01T15:15:00Z,2026-10-07T21:20:04Z,general,GDELT,titular+metadatos
300ef5777ea3,MIDES pagará programas sociales desde el 9 de marzo : calendario completo 2026,https://www.telemetro.com/nacionales/mides-pagara-programas-sociales-el-9-marzo-calendario-completo-2026-n6071359,telemetro.com,es,,2026-03-01T15:15:00Z,2026-10-07T21:20:04Z,general,GDELT,titular+metadatos
b30044ecfd8f,Inicio de clases : ATTT anuncia inversión de carriles en Panamá Oeste y la ciudad,https://www.telemetro.com/nacionales/inicio-clases-attt-anuncia-inversion-carriles-panama-oeste-y-la-ciudad-n6071357,telemetro.com,es,,2026-03-01T15:15:00Z,2026-10-07T21:20:04Z,general,GDELT,titular+metadatos
482697aae8b3,Metro de Panamá sin sistema de recarga : esto deben hacer los usuarios en las estaciones,https://www.telemetro.com/nacionales/metro-panama-sistema-recarga-esto-deben-hacer-los-usuarios-las-estaciones-n6071358,telemetro.com,es,,2026-03-01T15:15:00Z,2026-10-07T21:20:04Z,logistica,GDELT,titular+metadatos
4fddfe836868,Un plan país para estar en la mesa y no en el menú,https://www.prensa.com/opinion/un-plan-pais-para-estar-en-la-mesa-y-no-en-el-menu/,prensa.com,es,,2026-03-01T14:45:00Z,2026-10-07T21:20:04Z,general,GDELT,titular+metadatos
761542ce3e98,Panamá Oeste barre a Chiriquí y se corona campeón del Béisbol Juvenil,https://www.prensa.com/deportes/beisbol-juvenil-chiriqui-y-panama-oeste-disputan-el-juego-4-de-la-serie-final-en-el-estadio-kenny-serracin/,prensa.com,es,,2026-03-01T10:15:00Z,2026-10-07T21:20:04Z,general,GDELT,titular+metadatos
9557f26015d4,Panamá Oeste barre a Chiriquí y se corona en el Kenny Serracín,https://www.panamaamerica.com.pa/deportes/panama-oeste-barre-chiriqui-y-se-corona-en-el-kenny-serracin-1259127,panamaamerica.com.pa,es,,2026-03-01T06:15:00Z,2026-10-07T21:20:04Z,general,GDELT,titular+metadatos
031fc74aa270,¿ Ganaste ? Resultados del sorteo de Lotto y Pega 3 del 28 de febrero de 2026,https://www.telemetro.com/entretenimiento/ganaste-resultados-del-sorteo-lotto-y-pega-3-del-28-febrero-2026-n6071310,telemetro.com,es,,2026-03-01T06:00:00Z,2026-10-07T21:20:04Z,general,GDELT,titular+metadatos
13b9413ef31c,Hoy por hoy : El sistema educativo ante la prueba de la ejecución,https://www.prensa.com/opinion/hoy-por-hoy-el-sistema-educativo-ante-la-prueba-de-la-ejecucion/,prensa.com,es,,2026-03-01T06:00:00Z,2026-10-07T21:20:04Z,general,GDELT,titular+metadatos
f60eeffbc25b,El arte perdido de forrar cuadernos,https://www.prensa.com/opinion/el-arte-perdido-de-forrar-cuadernos/,prensa.com,es,,2026-03-01T06:00:00Z,2026-10-07T21:20:04Z,general,GDELT,titular+metadatos
ff6f05202a48,Procesar reservas en mina de cobre costaría hasta $500 millones,https://www.prensa.com/economia/procesar-reservas-en-mina-de-cobre-costaria-hasta-500-millones/,prensa.com,es,,2026-03-01T06:00:00Z,2026-10-07T21:20:04Z,general,GDELT,titular+metadatos
d27991ccb67a,Meduca y el paternalismo mesiánico : el secuestro de nuestro futuro,https://www.prensa.com/opinion/meduca-y-el-paternalismo-mesianico-el-secuestro-de-nuestro-futuro/,prensa.com,es,,2026-03-01T06:00:00Z,2026-10-07T21:20:04Z,general,GDELT,titular+metadatos
97057576b91e,Las fechas republicanas de la nacionalidad,https://www.prensa.com/opinion/las-fechas-republicanas-de-la-nacionalidad/,prensa.com,es,,2026-03-01T06:00:00Z,2026-10-07T21:20:04Z,general,GDELT,titular+metadatos
83b0fafff4f9,Gioconda Belli : salvada por las palabras,https://www.laestrella.com.pa/vida-y-cultura/gioconda-belli-salvada-por-las-palabras-CF20342716,laestrella.com.pa,es,,2026-03-01T05:30:00Z,2026-10-07T21:20:04Z,general,GDELT,titular+metadatos
53d6df5b4391,Fernando Valverde : el poeta que reinventó la bondad,https://www.laestrella.com.pa/vida-y-cultura/fernando-valverde-el-poeta-que-reinvento-la-bondad-GF20342675,laestrella.com.pa,es,,2026-03-01T05:30:00Z,2026-10-07T21:20:04Z,general,GDELT,titular+metadatos
c89bb9c3f2f8,El presidente de la dignidad : el pulso de Chiari frente a la Zona del Canal,https://www.laestrella.com.pa/panama/publicando-historia/el-presidente-de-la-dignidad-el-pulso-de-chiari-frente-a-la-zona-del-canal-JF20342694,laestrella.com.pa,es,,2026-03-01T05:30:00Z,2026-10-07T21:20:04Z,logistica,GDELT,titular+metadatos
55d6a199b6c6,No hay transparencia sobre el uso de gases por la Policía en protestas,https://www.laestrella.com.pa/panama/poligrafo/lenin-ulate-no-hay-transparencia-sobre-el-uso-de-gases-por-la-policia-en-protestas-OF20342873,laestrella.com.pa,es,,2026-03-01T05:30:00Z,2026-10-07T21:20:04Z,general,GDELT,titular+metadatos
b944e13a5a7f,El inexorable potencial turístico del ferrocarril ciudad de Panamá a Chiriquí,https://www.laestrella.com.pa/vida-y-cultura/el-inexorable-potencial-turistico-del-ferrocarril-ciudad-de-panama-a-chiriqui-DF20342735,laestrella.com.pa,es,,2026-03-01T05:30:00Z,2026-10-07T21:20:04Z,general,GDELT,titular+metadatos
4e3ed1e7cf16,"Pedro Rollán , presidente del Senado español , recorre el Fuerte de San Lorenzo",https://www.panamaamerica.com.pa/sociedad/pedro-rollan-presidente-del-senado-espanol-recorre-el-fuerte-de-san-lorenzo-1259121,panamaamerica.com.pa,es,,2026-03-01T04:00:00Z,2026-10-07T21:20:04Z,general,GDELT,titular+metadatos
7c37404af6d7,Las 5 claves que marcaron Panamá y el mundo hoy,https://www.laestrella.com.pa/panama/nacional/las-5-claves-que-marcaron-panama-y-el-mundo-hoy-28-de-febrero-CF20345676,laestrella.com.pa,es,,2026-03-01T00:45:00Z,2026-10-07T21:20:04Z,general,GDELT,titular+metadatos
a0a3dbdc8062,Preview - Asamblea de Panamá,https://www.asamblea.gob.pa/Noticias/Actualidad/SALUD-CULTURA-Y-TRADICIONES-FOLCLORICAS-PRESENTES-EN-EL-TOUR-FIRMEZA-EN-AGUADULCE-,asamblea.gob.pa,es,,2026-03-01T00:45:00Z,2026-10-07T21:20:04Z,regulacion,GDELT,titular+metadatos
c7a651d6bc29,Panamá fija postura ante crisis en Medio Oriente : condena ataques iraníes,https://www.critica.com.pa/nacional/panama-fija-postura-ante-crisis-en-medio-oriente-condena-ataques-iranies-505319,critica.com.pa,es,,2026-03-01T00:45:00Z,2026-10-07T21:20:04Z,general,GDELT,titular+metadatos
45ee33d5664a,Alberto Quintero es elegido el mejor futbolista de Panamá en la encuesta de El País,https://www.diaadia.com.pa/deportes/alberto-quintero-es-elegido-el-mejor-futbolista-de-panama-en-la-encuesta-de-el-pais-787618,diaadia.com.pa,es,,2026-01-01T23:30:00Z,2026-10-07T21:20:04Z,general,GDELT,titular+metadatos
c40ee590dfec,Sinaproc y estamentos de seguridad ponen en marcha el Operativo Guardianes 2026,https://www.diaadia.com.pa/el-pais/sinaproc-y-estamentos-de-seguridad-ponen-en-marcha-el-operativo-guardianes-2026-787614,diaadia.com.pa,es,,2026-01-01T23:30:00Z,2026-10-07T21:20:04Z,general,GDELT,titular+metadatos
87f8967772ab,Sinaproc activa operativo Guardianes 2026 para reforzar la seguridad en playas y senderos,https://www.laestrella.com.pa/panama/nacional/sinaproc-activa-operativo-guardianes-2026-para-reforzar-la-seguridad-en-playas-y-senderos-IJ18778198,laestrella.com.pa,es,,2026-01-01T22:45:00Z,2026-10-07T21:20:04Z,turismo,GDELT,titular+metadatos
3ef2a6d8c3d4,Mingob presenta denuncia contra la alcaldesa de Arraiján por acciones sin fundamento en tansición de jueces de paz,https://www.prensa.com/politica/mingob-presenta-denuncia-contra-la-alcaldesa-de-arraijan-por-acciones-sin-fundamento-en-tansicion-de-jueces-de-paz/,prensa.com,es,,2026-01-01T21:15:00Z,2026-10-07T21:20:04Z,general,GDELT,titular+metadatos
62e67161a14d,Venezuela comienza 2026 con una operatividad aérea limitada y en busca de atender la demanda,https://www.prensa.com/economia/venezuela-comienza-2026-con-una-operatividad-aerea-limitada-y-en-busca-de-atender-la-demanda/,prensa.com,es,,2026-01-01T21:15:00Z,2026-10-07T21:20:04Z,general,GDELT,titular+metadatos
da0432bddce6,Más buscado acepta acuerdo de pena de 75 meses de prisión por pandillerismo,https://www.prensa.com/judiciales/mas-buscado-acepta-acuerdo-de-pena-de-75-meses-de-prision-por-pandillerismo/,prensa.com,es,,2026-01-01T21:15:00Z,2026-10-07T21:20:04Z,general,GDELT,titular+metadatos
ac3b00d71325,El doble discurso de la moralidad cristiana en diciembre,https://www.prensa.com/opinion/el-doble-discurso-de-la-moralidad-cristiana-en-diciembre/,prensa.com,es,,2026-01-01T21:15:00Z,2026-10-07T21:20:04Z,general,GDELT,titular+metadatos
e3d6de23471a,Japa se marcha de Panamá y es el nuevo refuerzo del Aucas ecuatoriano,https://www.prensa.com/deportes/japa-se-marcha-de-panama-y-es-el-nuevo-refuerzo-del-aucas-ecuatoriano/,prensa.com,es,,2026-01-01T21:15:00Z,2026-10-07T21:20:04Z,general,GDELT,titular+metadatos
a988a426e5ab,Panamá expresa condolencias a Suiza por tragedia en Crans - Montana,https://www.telemetro.com/nacionales/panama-expresa-condolencias-suiza-tragedia-crans-montana-n6065312,telemetro.com,es,,2026-01-01T21:00:00Z,2026-10-07T21:20:04Z,general,GDELT,titular+metadatos
b6e24125ad2b,"Fallas eléctricas y un horno , posibles causas de dos incendios en el inicio de 2026",https://www.laestrella.com.pa/panama/nacional/fallas-electricas-y-un-horno-posibles-causas-de-dos-incendios-en-el-inicio-de-2026-EJ18772600,laestrella.com.pa,es,,2026-01-01T20:15:00Z,2026-10-07T21:20:04Z,general,GDELT,titular+metadatos
054384cdf3ce,Panamá se solidariza con Suiza tras incendio en los Alpes que dejó 40 muertos y más de un centenar de heridos,https://www.laestrella.com.pa/mundo/panama-se-solidariza-con-suiza-tras-incendio-en-los-alpes-que-dejo-40-muertos-y-mas-de-un-centenar-de-heridos-HJ18773532,laestrella.com.pa,es,,2026-01-01T20:15:00Z,2026-10-07T21:20:04Z,general,GDELT,titular+metadatos
c598575013c3,Rod Carew entra en cirugía mayor y mueve el béisbol juvenil,https://www.midiario.com/deportivas/rod-carew-entra-en-cirugia-mayor-y-mueve-el-beisbol-juvenil/,midiario.com,es,,2026-01-01T19:00:00Z,2026-10-07T21:20:04Z,general,GDELT,titular+metadatos
98653c94e855,Influenza deja 109 muertes en 2025 y enciende alerta del Minsa,https://www.midiario.com/nacionales/influenza-deja-109-muertes-en-2025-y-enciende-alerta-del-minsa/,midiario.com,es,,2026-01-01T19:00:00Z,2026-10-07T21:20:04Z,general,GDELT,titular+metadatos
4c04e42c6505,San Miguelito entra en limpieza de emergencia por crisis de basura : acción costará hasta $700 mil,https://www.midiario.com/nacionales/san-miguelito-entra-en-limpieza-de-emergencia-por-crisis-de-basura-accion-costara-hasta-700-mil-costara/,midiario.com,es,,2026-01-01T19:00:00Z,2026-10-07T21:20:04Z,general,GDELT,titular+metadatos
104df5a95084,Conductor de pick up con muebles no respeta señal y mata a taxista,https://www.critica.com.pa/sucesos/conductor-de-pick-con-muebles-no-respeta-senal-y-mata-taxista-502226,critica.com.pa,es,,2026-01-01T19:00:00Z,2026-10-07T21:20:04Z,general,GDELT,titular+metadatos
1f0fa28cd40c,IFARHU abrirá Concurso General de Becas 2026 en enero : conoce los promedios y requisitos,https://www.telemetro.com/nacionales/ifarhu-abrira-concurso-general-becas-2026-enero-conoce-los-promedios-y-requisitos-n6065175,telemetro.com,es,,2026-01-01T19:00:00Z,2026-10-07T21:20:04Z,general,GDELT,titular+metadatos
5a0a356dd3b7,"Discurso del presidente Mulino este 2 de enero : hora , transmisión y dónde verlo en vivo",https://www.telemetro.com/nacionales/discurso-del-presidente-mulino-este-2-enero-hora-transmision-y-donde-verlo-vivo-n6065309,telemetro.com,es,,2026-01-01T19:00:00Z,2026-10-07T21:20:04Z,general,GDELT,titular+metadatos
eaa3afd46ad7,Un año viral : los momentos que marcaron a Panamá en 2025,https://www.midiario.com/nacionales/goles-bochinches-y-polemicas-asi-se-vivio-el-2025-en-panama/,midiario.com,es,,2026-01-01T19:00:00Z,2026-10-07T21:20:04Z,general,GDELT,titular+metadatos
e70ba7c9ce8f,Más de 15 mil casos de dengue marcan el cierre epidemiológico de 2025,https://www.midiario.com/nacionales/mas-de-15800-casos-de-dengue-marcan-el-cierre-epidemiologico-de-2025/,midiario.com,es,,2026-01-01T19:00:00Z,2026-10-07T21:20:04Z,general,GDELT,titular+metadatos
88b9318f9b4b,Lotería fiscal en Panamá : Conozca los ganadores del tercer sorteo,https://www.laestrella.com.pa/panama/nacional/loteria-fiscal-en-panama-conozca-los-ganadores-del-tercer-sorteo-GN18732352,laestrella.com.pa,es,,2026-01-01T18:30:00Z,2026-10-07T21:20:04Z,general,GDELT,titular+metadatos
af83715fb4ba,"Dengue deja 27 fallecidos y más de 1 , 500 hospitalizaciones en Panamá",https://www.laestrella.com.pa/panama/nacional/dengue-deja-27-fallecidos-y-mas-de-1500-hospitalizaciones-en-panama-NI18769532,laestrella.com.pa,es,,2026-01-01T18:30:00Z,2026-10-07T21:20:04Z,servicios,GDELT,titular+metadatos
c5ef608c8978,"FAP eleva su patrimonio a $1 , 602 millones al cierre de junio",https://www.laestrella.com.pa/economia/fap-eleva-su-patrimonio-a-1602-millones-al-cierre-de-junio-BJ18770652,laestrella.com.pa,es,,2026-01-01T18:30:00Z,2026-10-07T21:20:04Z,general,GDELT,titular+metadatos
ffcbe41342ef,Atacan a dos hombres a tiros en calle 9 de Colón ; Policía investiga,https://www.critica.com.pa/sucesos/atacan-dos-hombres-tiros-en-calle-9-de-colon-policia-investiga-502221,critica.com.pa,es,,2026-01-01T18:00:00Z,2026-10-07T21:20:04Z,general,GDELT,titular+metadatos
64714504401f,"Tras los festejos de Año Nuevo , la AAUD limpia la Calzada de Amador",https://www.critica.com.pa/nacional/tras-los-festejos-de-ano-nuevo-la-aaud-limpia-la-calzada-de-amador-502223,critica.com.pa,es,,2026-01-01T18:00:00Z,2026-10-07T21:20:04Z,general,GDELT,titular+metadatos
baff70abc2e0,Tragedia vial en la comarca : un muerto tras volcarse vehículo doble tracción,https://www.critica.com.pa/sucesos/tragedia-vial-en-la-comarca-un-muerto-tras-volcarse-vehiculo-doble-traccion-502220,critica.com.pa,es,,2026-01-01T18:00:00Z,2026-10-07T21:20:04Z,general,GDELT,titular+metadatos
03c2233085ad,"Con carrozas de ensueño , Las Tablas prende el topón de Año Nuevo",https://www.critica.com.pa/nacional/con-carrozas-de-ensueno-las-tablas-prende-el-topon-de-ano-nuevo-502225,critica.com.pa,es,,2026-01-01T18:00:00Z,2026-10-07T21:20:04Z,general,GDELT,titular+metadatos
a6a367accf51,Comercio ilícito : Aduanas retuvo más de $19 . 8 millones en contrabando en 2025,https://www.laestrella.com.pa/economia/comercio-ilicito-aduanas-retuvo-mas-de-198-millones-en-contrabando-en-2025-BI18763299,laestrella.com.pa,es,,2026-01-01T13:30:00Z,2026-10-07T21:20:04Z,general,GDELT,titular+metadatos
3de4366241c5,"Dengue en Panamá : 15 , 832 casos confirmados y 27 defunciones",https://www.prensa.com/sociedad/dengue-en-panama-15832-casos-confirmados-y-27-defunciones/,prensa.com,es,,2026-01-01T12:00:00Z,2026-10-07T21:20:04Z,general,GDELT,titular+metadatos
4b1341c89f85,"Minsa reporta 15 , 832 casos acumulados de dengue a nivel nacional",https://www.diaadia.com.pa/el-pais/minsa-reporta-15832-casos-acumulados-de-dengue-nivel-nacional-787612,diaadia.com.pa,es,,2026-01-01T09:15:00Z,2026-10-07T21:20:04Z,general,GDELT,titular+metadatos
571a494dda5c,"Lima , paladar del mundo",https://www.prensa.com/economia/lima-paladar-del-mundo/,prensa.com,es,,2026-01-01T07:00:00Z,2026-10-07T21:20:04Z,general,GDELT,titular+metadatos
b7c7e30e68e5,"Panamá recibe el Año Nuevo 2026 con fe , esperanza y unión",https://www.telemetro.com/nacionales/panama-recibe-el-ano-nuevo-2026-fe-esperanza-y-union-n6065280,telemetro.com,es,,2026-01-01T06:45:00Z,2026-10-07T21:20:04Z,general,GDELT,titular+metadatos
9b5c2a7aab86,Una carretera clave rediseñada bajo presión ambiental,https://www.laestrella.com.pa/panama/nacional/una-carretera-clave-redisenada-bajo-presion-ambiental-NI18763592,laestrella.com.pa,es,,2026-01-01T06:00:00Z,2026-10-07T21:20:04Z,general,GDELT,titular+metadatos
f448bbe786f6,"Crecimiento , empleo y confianza : los desafíos de Panamá en 2026",https://www.laestrella.com.pa/economia/crecimiento-empleo-y-confianza-los-desafios-de-panama-en-2026-EL18758936,laestrella.com.pa,es,,2026-01-01T06:00:00Z,2026-10-07T21:20:04Z,economia,GDELT,titular+metadatos
f1385fb7c03e,Panameños de ojos rasgados,https://www.prensa.com/opinion/panamenos-de-ojos-rasgados/,prensa.com,es,,2026-01-01T02:15:00Z,2026-10-07T21:20:04Z,general,GDELT,titular+metadatos
9c98669bf751,Minsa reporta 109 muertes por influenza en Panamá,https://www.prensa.com/sociedad/minsa-reporta-109-muertes-por-influenza-en-panama/,prensa.com,es,,2026-01-01T02:15:00Z,2026-10-07T21:20:04Z,general,GDELT,titular+metadatos
b666075ab5b1,"Trump necesita destruir algunos objetivos en Venezuela o parecerá débil : John Feeley , exembajador de EU y experto en América Latina",https://www.prensa.com/mundo/trump-necesita-destruir-algunos-objetivos-en-venezuela-o-parecera-debil-john-feeley-exembajador-de-eu-y-experto-en-america-latina/,prensa.com,es,,2026-01-01T02:15:00Z,2026-10-07T21:20:04Z,regulacion,GDELT,titular+metadatos
932f7b5cdcbb,Ordenamiento territorial : la hora de la gobernanza,https://www.prensa.com/opinion/ordenamiento-territorial-la-hora-de-la-gobernanza/,prensa.com,es,,2026-01-01T02:15:00Z,2026-10-07T21:20:04Z,general,GDELT,titular+metadatos
